Sezon,Ora,Temperatura,Umbra,Radiatia Solara,Kw
Iarna,9,-19,1,1,130.84502293924504
Primavara,9,-19,2,1,750.9713222912634
Vara,9,-18,2,2,1504.1896675667786
Toamna,9,-18,3,3,312.858205102418
